;Estación:VILLAMARIADELTRIUNFO;;;;;
;Departamento:LIMA;Provincia:LIMA;Distrito:VILLA;MARIADELTRIUNFO;;
;Latitud:12Â°9'59'';Longitud:76Â°55'12'';Altitud:292;msnm.;;
;Tipo:EAA;#¿NOMBRE?;Código:112233;;;
AÑO / MES / DÍA;HORA;TEMPERATURA (°C);PRECIPITACIÓN (mm/hora);HUMEDAD (%);DIRECCION DEL VIENTO (°);VELOCIDAD DEL VIENTO (m/s)
1/01/2020;00:00;20.1;0;99.5;196.3;1.1
1/01/2020;01:00;19.9;0;99.5;192.6;1.3
1/01/2020;02:00;19.7;0;99.6;217;0.8
1/01/2020;03:00;19.6;0;99.5;223;1
1/01/2020;04:00;19.7;0.1;99.5;92.8;0.3
1/01/2020;05:00;19.9;0;99.5;139.4;0.2
1/01/2020;06:00;19.7;0;99.5;292.8;0.8
1/01/2020;07:00;19.4;0;99.6;274.3;0.7
1/01/2020;08:00;19.3;0;99.6;292.5;0.6
1/01/2020;09:00;19.4;0;99.6;225.8;0.6
1/01/2020;10:00;19.4;0;99.6;234.4;0.7
1/01/2020;11:00;20.1;0;99.5;258.8;0.8
1/01/2020;12:00;22.2;0;95.4;289.9;1.4
1/01/2020;13:00;22.6;0;92.7;252.4;1.3
1/01/2020;14:00;22.9;0;91;279.3;1.4
1/01/2020;15:00;24.7;0;82.1;261.3;1.4
1/01/2020;16:00;24.2;0;79.37;231.2;1.9
1/01/2020;17:00;25.2;0;74.57;232.1;1.6
1/01/2020;18:00;24.7;0;71.13;225.9;1.8
1/01/2020;19:00;24.1;0;74.85;219.8;1.6
1/01/2020;20:00;23.4;0;76.62;223.8;1.1
1/01/2020;21:00;22.1;0;91.8;223.1;0.9
1/01/2020;22:00;22.2;0;90.3;209.6;0.7
1/01/2020;23:00;21.9;0;92.6;188.3;1.6
2/01/2020;00:00;21.3;0;98.7;205.2;1.1
2/01/2020;01:00;20.4;0;99.5;189.6;1.2
2/01/2020;02:00;20;0;99.5;181.3;1.5
2/01/2020;03:00;19.7;0;99.5;187.3;1.2
2/01/2020;04:00;19.5;0;99.5;214.8;0.8
2/01/2020;05:00;19.5;0;99.5;178.2;1.1
2/01/2020;06:00;19.5;0;99.5;172;1.3
2/01/2020;07:00;19.7;0;99.5;175.3;1.3
2/01/2020;08:00;20;0;99.5;188.4;1.6
2/01/2020;09:00;19.9;0;99.5;201.5;1.3
2/01/2020;10:00;20.7;0;99.5;188.8;1.2
2/01/2020;11:00;21.5;0;99.4;187.9;1.6
2/01/2020;12:00;23.1;0;89.5;239.6;1
2/01/2020;13:00;25.9;0;71.78;203.5;1
2/01/2020;14:00;25;0;71.56;262.7;2.4
2/01/2020;15:00;24.7;0;72.49;206.6;1.8
2/01/2020;16:00;24.6;0;74.93;196.5;2.3
2/01/2020;17:00;23.8;0;79.87;224.9;2.3
2/01/2020;18:00;23.1;0;85.4;230.4;2.3
2/01/2020;19:00;22.2;0;92.4;232.4;2.5
2/01/2020;20:00;21.4;0;97;226.5;2.3
2/01/2020;21:00;20.8;0;99.4;230.7;2.2
2/01/2020;22:00;20.7;0;99.4;226.5;1.9
2/01/2020;23:00;20.5;0;99.5;238.5;1.7
3/01/2020;00:00;20.5;0;99.5;224.2;1.5
3/01/2020;01:00;20.3;0;99.5;154.4;1.3
3/01/2020;02:00;20.6;0;99.5;236;1.2
3/01/2020;03:00;20.6;0;99.5;172.1;0.6
3/01/2020;04:00;20.7;0;99.5;172;1.4
3/01/2020;05:00;20.4;0;99.5;255.3;0.5
3/01/2020;06:00;20.3;0;99.5;207.8;1
3/01/2020;07:00;19.8;0;99.6;237.2;0.9
3/01/2020;08:00;19.9;0;99.5;156.5;0.3
3/01/2020;09:00;20.3;0;99.5;211.1;0.3
3/01/2020;10:00;21.5;0;99.5;255;0.8
3/01/2020;11:00;24.2;0;91.1;240.9;0.9
3/01/2020;12:00;25.2;0;82.1;269.9;1.2
3/01/2020;13:00;25.7;0;79.02;278.8;1.8
3/01/2020;14:00;25.2;0;78.71;308;2.4
3/01/2020;15:00;25.7;0;77.3;275.4;1.9
3/01/2020;16:00;27;0;68.82;286;2.1
3/01/2020;17:00;27.1;0;67.29;249.3;1.3
3/01/2020;18:00;26.5;0;68.63;231.6;1.7
3/01/2020;19:00;23.8;0;78.91;230.2;1.6
3/01/2020;20:00;22;0;98.8;200.1;1.6
3/01/2020;21:00;20.5;0;99.5;195.3;1.2
3/01/2020;22:00;20.3;0;99.5;230.3;1.4
3/01/2020;23:00;20.2;0;99.5;228.8;1.6
4/01/2020;00:00;20.1;0;99.6;216.7;1.3
4/01/2020;01:00;20.2;0;99.5;214.1;0.8
4/01/2020;02:00;19.9;0;99.5;231.1;1.1
4/01/2020;03:00;19.6;0;99.6;235.8;1.1
4/01/2020;04:00;19.6;0;99.6;165.4;0.5
4/01/2020;05:00;19.5;0;99.6;221.1;1.2
4/01/2020;06:00;19.2;0;99.6;228.7;1.2
4/01/2020;07:00;19.1;0;99.6;220.8;0.7
4/01/2020;08:00;19.1;0;99.6;225.8;0.8
4/01/2020;09:00;19.7;0;99.6;208.3;1.1
4/01/2020;10:00;21.8;0;99.4;231.5;1
4/01/2020;11:00;24.2;0;78.78;216.3;1.7
4/01/2020;12:00;24.6;0;75.31;231.8;2.1
4/01/2020;13:00;26.2;0;69.42;217.9;2.2
4/01/2020;14:00;26;0;65.53;221.1;2.5
4/01/2020;15:00;25.6;0;66.88;234.6;2.3
4/01/2020;16:00;25.9;0;67.49;219.5;2.2
4/01/2020;17:00;26;0;64.27;220.9;1.9
4/01/2020;18:00;24.6;0;74.09;203.1;2.7
4/01/2020;19:00;22.6;0;93.2;219.2;1.4
4/01/2020;20:00;21.4;0;99.4;222.9;1.5
4/01/2020;21:00;20.8;0;99.5;223;1.3
4/01/2020;22:00;20.4;0;99.5;230.2;1.7
4/01/2020;23:00;20.4;0;99.5;188.7;1.7
5/01/2020;00:00;20.2;0;99.5;184.4;1.5
5/01/2020;01:00;19.9;0;99.5;225.4;1.1
5/01/2020;02:00;19.8;0;99.5;212.5;0.9
5/01/2020;03:00;19.7;0;99.6;196.8;1.1
5/01/2020;04:00;19.6;0;99.5;190.6;1
5/01/2020;05:00;19.6;0;99.5;205.7;0.9
5/01/2020;06:00;19.5;0;99.5;213.4;0.7
5/01/2020;07:00;19.4;0;99.5;217.6;0.8
5/01/2020;08:00;19.2;0;99.6;235.9;1
5/01/2020;09:00;20.9;0;99.4;96.2;0.6
5/01/2020;10:00;22.5;0;94.7;302.5;1.5
5/01/2020;11:00;22.5;0;94;292.4;1.6
5/01/2020;12:00;24.4;0;81.8;272.4;1.4
5/01/2020;13:00;24.1;0;77.92;295.4;1.9
5/01/2020;14:00;25.3;0;74.79;233.1;2
5/01/2020;15:00;25.6;0;68.44;241.7;1.7
5/01/2020;16:00;25.1;0;73.27;249.5;1.9
5/01/2020;17:00;24.2;0;76.6;237.9;2.3
5/01/2020;18:00;23.3;0;86.7;231.3;2.1
5/01/2020;19:00;22.1;0;95.4;228.5;1.9
5/01/2020;20:00;21.1;0;99.4;227.2;1.3
5/01/2020;21:00;20.5;0;99.4;235.4;2.1
5/01/2020;22:00;20.2;0;99.5;230.8;1.8
5/01/2020;23:00;20.3;0;99.5;233.4;1.3
6/01/2020;00:00;20.3;0;99.5;228.3;1.2
6/01/2020;01:00;20.2;0;99.5;225.4;1.2
6/01/2020;02:00;19.9;0;99.5;227;1.3
6/01/2020;03:00;19.7;0;99.5;217;0.9
6/01/2020;04:00;19.7;0;99.5;231.6;1.5
6/01/2020;05:00;19.6;0;99.5;229.3;1.1
6/01/2020;06:00;19.5;0;99.5;232.9;0.9
6/01/2020;07:00;19.6;0;99.5;220.9;0.7
6/01/2020;08:00;19.6;0;99.6;232.9;0.9
6/01/2020;09:00;19.6;0;99.6;232;0.9
6/01/2020;10:00;20.2;0;99.5;198.3;0.9
6/01/2020;11:00;21.6;0;99.4;117.3;0.6
6/01/2020;12:00;22.8;0;90.7;257.8;1.1
6/01/2020;13:00;24;0;82;217.8;1.3
6/01/2020;14:00;24.9;0;71.64;273.4;2.2
6/01/2020;15:00;24.4;0;75.42;248.1;1.8
6/01/2020;16:00;24.6;0;72.09;244.1;2
6/01/2020;17:00;24.8;0;72.02;235.3;1.9
6/01/2020;18:00;23.7;0;79.17;220.4;1.6
6/01/2020;19:00;23.2;0;83;213.7;1.6
6/01/2020;20:00;22.1;0;94.6;226.6;1.6
6/01/2020;21:00;21.4;0;98;252.3;1.7
6/01/2020;22:00;21.3;0;97.9;228.5;1.1
6/01/2020;23:00;21.1;0;99.4;175.2;1.7
7/01/2020;00:00;20.4;0;99.5;194.6;1.7
7/01/2020;01:00;20.2;0;99.5;227.2;1.1
7/01/2020;02:00;20.2;0;99.5;225;1.2
7/01/2020;03:00;20.2;0;99.5;224.6;0.8
7/01/2020;04:00;20.1;0;99.5;229.7;1.4
7/01/2020;05:00;20.1;0;99.5;228.9;1
7/01/2020;06:00;20.1;0;99.5;228.4;0.8
7/01/2020;07:00;20.3;0;99.5;231.5;0.9
7/01/2020;08:00;20.2;0;99.6;209;0.6
7/01/2020;09:00;20.1;0;99.5;238.6;1.2
7/01/2020;10:00;21.1;0;99.5;221.2;0.6
7/01/2020;11:00;22.2;0;97.8;219;1.2
7/01/2020;12:00;24.3;0;84.5;198.5;1.7
7/01/2020;13:00;25.1;0;80;235.3;2.5
7/01/2020;14:00;25.6;0;73.04;205.7;1.8
7/01/2020;15:00;24.6;0;80.1;217;2.1
7/01/2020;16:00;23.8;0;83.3;223.5;2.5
7/01/2020;17:00;21.9;0;97.9;232;2.2
7/01/2020;18:00;21.4;0;99.4;226.3;2.1
7/01/2020;19:00;21.4;0;99.4;224.4;1.6
7/01/2020;20:00;21.2;0;99.4;233.2;2
7/01/2020;21:00;20.8;0;99.5;228;1.5
7/01/2020;22:00;20.3;0;99.5;235.4;2
7/01/2020;23:00;20.1;0;99.6;234.6;1.4
8/01/2020;00:00;20.1;0;99.6;225;1.3
8/01/2020;01:00;20.1;0;99.5;247.6;1.6
8/01/2020;02:00;20;0;99.5;230.4;1.4
8/01/2020;03:00;19.8;0;99.6;250.4;0.8
8/01/2020;04:00;19.7;0;99.6;218.3;0.7
8/01/2020;05:00;19.6;0;99.6;239.6;1
8/01/2020;06:00;19.6;0;99.6;198.4;0.6
8/01/2020;07:00;19.5;0;99.6;234.9;0.9
8/01/2020;08:00;19.5;0;99.6;195.5;0.6
8/01/2020;09:00;19.8;0;99.6;186.5;1
8/01/2020;10:00;20.2;0;99.6;183.9;0.8
8/01/2020;11:00;20.4;0;99.6;177.3;1.4
8/01/2020;12:00;22.2;0;99.4;181;1.5
8/01/2020;13:00;23.3;0;91.6;203.1;1.4
8/01/2020;14:00;23.5;0;89.4;191.8;1.5
8/01/2020;15:00;23;0;94.2;234.3;2.3
8/01/2020;16:00;23.6;0;91.6;228.1;2.5
8/01/2020;17:00;24.3;0;88.7;228.9;2.3
8/01/2020;18:00;22.1;0;99.4;228;2.4
8/01/2020;19:00;20.8;0;99.5;222.5;1.9
8/01/2020;20:00;20.5;0;99.5;235.2;1.9
8/01/2020;21:00;20.9;0;99.5;233.1;1.1
8/01/2020;22:00;20.8;0;99.5;191.7;0.7
8/01/2020;23:00;20.5;0;99.5;220.8;1.4
9/01/2020;00:00;20.5;0;99.6;185.3;1.2
9/01/2020;01:00;20.5;0;99.5;202.8;1.3
9/01/2020;02:00;19.9;0;99.6;221.8;1.2
9/01/2020;03:00;19.7;0;99.6;233.7;1.3
9/01/2020;04:00;19.7;0.1;99.6;199.2;0.4
9/01/2020;05:00;19.7;0;99.6;228.1;0.7
9/01/2020;06:00;19.8;0;99.6;226.4;0.6
9/01/2020;07:00;19.9;0;99.5;159.5;0.7
9/01/2020;08:00;20.1;0;99.5;38.64;0.2
9/01/2020;09:00;20.8;0;99.5;102.8;0.2
9/01/2020;10:00;21.4;0;99.5;248.2;0.9
9/01/2020;11:00;22.2;0;99.4;314.6;1.4
9/01/2020;12:00;23.3;0;95.5;277;1.6
9/01/2020;13:00;24.2;0;89.4;298.2;2
9/01/2020;14:00;23.7;0;90.3;288.5;1.9
9/01/2020;15:00;25;0;78.82;257.3;1.8
9/01/2020;16:00;25.4;0;74.75;300.1;1.8
9/01/2020;17:00;25;0;71.73;234.3;2.3
9/01/2020;18:00;23.1;0;87.5;231.9;2.4
9/01/2020;19:00;22;0;95.1;220.7;2.4
9/01/2020;20:00;20.6;0;99.5;219.9;1.8
9/01/2020;21:00;20.4;0;99.5;231.9;2
9/01/2020;22:00;20.6;0;99.4;234.3;1.6
9/01/2020;23:00;20.2;0;99.5;234.7;1.9
10/01/2020;00:00;19.8;0;99.5;231.4;1.6
10/01/2020;01:00;19.6;0;99.5;231.8;1
10/01/2020;02:00;19.5;0;99.6;203.4;1
10/01/2020;03:00;19.3;0;99.6;187.7;1.1
10/01/2020;04:00;19.3;0;99.6;175;0.4
10/01/2020;05:00;19.8;0;99.5;283;0.8
10/01/2020;06:00;19.3;0;99.6;251;0.7
10/01/2020;07:00;19;0.1;99.5;296.8;1
10/01/2020;08:00;19;0.1;99.6;159.6;1
10/01/2020;09:00;19.6;0;99.5;102;1.4
10/01/2020;10:00;20.6;0.1;99.4;243.5;1.5
10/01/2020;11:00;21.8;0;94.1;95;1.2
10/01/2020;12:00;22.4;0;92;192.4;1.7
10/01/2020;13:00;24.1;0;81.8;82.2;2
10/01/2020;14:00;25;0;75.64;303.2;2.5
10/01/2020;15:00;25.6;0;72.04;281.6;2.5
10/01/2020;16:00;24.8;0;74.34;272.1;2.1
10/01/2020;17:00;24.1;0;78.11;257.1;2
10/01/2020;18:00;24.3;0;77.39;263.1;1.5
10/01/2020;19:00;23.1;0;84.8;256.2;1.4
10/01/2020;20:00;21.1;0;98.9;233.4;1.6
10/01/2020;21:00;20.4;0;99.5;226.8;1.4
10/01/2020;22:00;19.9;0;99.5;229.4;1.4
10/01/2020;23:00;19.8;0;99.5;226.4;1.5
11/01/2020;00:00;19.6;0;99.5;224.8;1.3
11/01/2020;01:00;19.3;0;99.6;230.1;1.2
11/01/2020;02:00;19;0;99.6;230.5;1.1
11/01/2020;03:00;19;0;99.6;114;0.3
11/01/2020;04:00;19;0;99.6;227.9;0.9
11/01/2020;05:00;19.1;0;99.6;208.8;0.8
11/01/2020;06:00;19.2;0;99.6;159.8;0.5
11/01/2020;07:00;19.5;0;99.6;234.4;0.6
11/01/2020;08:00;20.3;0;99.4;223.5;0.5
11/01/2020;09:00;20.3;0;99.5;196.3;0.3
11/01/2020;10:00;21.3;0;99.4;263.9;0.8
11/01/2020;11:00;21.9;0;98.7;238.9;1
11/01/2020;12:00;22;0;99;278.2;1.2
11/01/2020;13:00;22.6;0;93.9;262.4;1.4
11/01/2020;14:00;23.2;0;89.5;250.3;1.6
11/01/2020;15:00;25.1;0;76.28;255.2;1.6
11/01/2020;16:00;24.9;0;77.58;284.7;2.1
11/01/2020;17:00;24.1;0;80;254.6;1.5
11/01/2020;18:00;22.4;0;90.4;234.6;2
11/01/2020;19:00;22.2;0;90.7;180.2;0.7
11/01/2020;20:00;21.1;0;98.8;202;1.7
11/01/2020;21:00;20.3;0;99.5;221.9;1.3
11/01/2020;22:00;20.3;0;99.5;189;1.4
11/01/2020;23:00;20.2;0;99.5;170.4;1.2
12/01/2020;00:00;20;0;99.5;213;1
12/01/2020;01:00;19.8;0;99.5;183.8;0.8
12/01/2020;02:00;19.9;0;99.5;210.4;0.4
12/01/2020;03:00;19.7;0;99.5;260.5;0.3
12/01/2020;04:00;19.5;0;99.5;194.9;0.3
12/01/2020;05:00;19.3;0;99.6;277.9;0.4
12/01/2020;06:00;19.2;0;99.6;247.9;0.6
12/01/2020;07:00;19.3;0;99.6;202.5;0.4
12/01/2020;08:00;19.3;0;99.6;29.46;0.2
12/01/2020;09:00;20.7;0;99.5;153.4;0.2
12/01/2020;10:00;23.1;0;93.5;252.7;0.6
12/01/2020;11:00;25.2;0;79.06;305.2;1.3
12/01/2020;12:00;24.7;0;80.6;289.5;1.8
12/01/2020;13:00;25;0;79.34;287.9;2
12/01/2020;14:00;24.4;0;80.4;297.8;1.7
12/01/2020;15:00;25.1;0;78.55;248.4;1.9
12/01/2020;16:00;24.7;0;78.53;276.6;1.4
12/01/2020;17:00;24.9;0;76.21;242.8;1.5
12/01/2020;18:00;23.5;0;83.7;292.5;1.7
12/01/2020;19:00;22.7;0;89.2;313.7;1.7
12/01/2020;20:00;21.1;0;98.3;229.3;1.2
12/01/2020;21:00;21.3;0;96.9;253.2;0.8
12/01/2020;22:00;20.5;0;99.5;307.5;1.4
12/01/2020;23:00;20.2;0;99.5;169.1;0.4
13/01/2020;00:00;20;0;99.5;224.4;0.5
13/01/2020;01:00;20;0;99.5;199.2;0.6
13/01/2020;02:00;19.9;0;99.5;261.1;0.6
13/01/2020;03:00;19.7;0;99.5;292.1;0.5
13/01/2020;04:00;19.8;0;99.5;252.3;0.9
13/01/2020;05:00;19.4;0;99.5;291.3;0.9
13/01/2020;06:00;19.1;0;99.6;73.43;0.1
13/01/2020;07:00;19.1;0;99.6;267.7;0.6
13/01/2020;08:00;19.3;0;99.6;131.5;0.2
13/01/2020;09:00;19.9;0;99.5;286.2;0.9
13/01/2020;10:00;20.8;0;99.5;280.4;1.2
13/01/2020;11:00;21.4;0;99.4;250.9;1.2
13/01/2020;12:00;23.5;0;87.7;265.2;1.8
13/01/2020;13:00;24.2;0;81.9;273;1.8
13/01/2020;14:00;24.7;0;80.2;261.5;2.2
13/01/2020;15:00;24.6;0;77.72;263.3;2.1
13/01/2020;16:00;24.9;0;75.88;244.3;2
13/01/2020;17:00;24.8;0;79.13;250.9;1.4
13/01/2020;18:00;23.4;0;84.9;271.6;1.3
13/01/2020;19:00;22.8;0;87.1;266.9;1.3
13/01/2020;20:00;21.9;0;92.3;264.7;0.9
13/01/2020;21:00;21.5;0;95.1;273.8;0.9
13/01/2020;22:00;20.8;0;98.9;245.2;0.4
13/01/2020;23:00;20.3;0;99.4;271.4;1
14/01/2020;00:00;19.9;0;99.5;150.1;0.4
14/01/2020;01:00;20;0;99.5;218;0.6
14/01/2020;02:00;19.7;0;99.5;297.4;0.8
14/01/2020;03:00;19.6;0;99.5;265.4;0.7
14/01/2020;04:00;19.9;0;99.5;296.1;0.8
14/01/2020;05:00;19.8;0;99.5;143.1;0.4
14/01/2020;06:00;19.8;0;99.5;168.9;0.3
14/01/2020;07:00;20;0;99.5;260.3;0.7
14/01/2020;08:00;20;0;99.5;272.1;0.5
14/01/2020;09:00;20.7;0;99.4;227.3;0.7
14/01/2020;10:00;21.7;0;99.1;210.5;0.7
14/01/2020;11:00;23.1;0;92.9;235.4;1.3
14/01/2020;12:00;24.2;0;83.3;226.5;1.6
14/01/2020;13:00;25.6;0;74.8;302.8;2.3
14/01/2020;14:00;25.7;0;71.47;302.9;1.9
14/01/2020;15:00;26.4;0;68.49;255.3;1.7
14/01/2020;16:00;26.3;0;67.64;250;2.3
14/01/2020;17:00;25.5;0;70.32;292.4;2.1
14/01/2020;18:00;23.8;0;82.8;295.3;1.8
14/01/2020;19:00;22.2;0;95.4;262.5;1.3
14/01/2020;20:00;21.5;0;99.4;303.6;1.2
14/01/2020;21:00;21.1;0;99.4;271.4;0.7
14/01/2020;22:00;21.1;0;99.4;168.4;0.4
14/01/2020;23:00;21.1;0;99.4;192.1;1.1
15/01/2020;00:00;20.2;0;99.5;188.3;1.5
15/01/2020;01:00;20;0;99.5;226.4;0.8
15/01/2020;02:00;19.9;0;99.5;233.2;0.6
15/01/2020;03:00;20;0;99.5;144.5;0.5
15/01/2020;04:00;20.2;0;99.5;299.1;0.6
15/01/2020;05:00;20.3;0;99.5;201.5;0.9
15/01/2020;06:00;20.2;0;99.5;166;0.5
15/01/2020;07:00;20.3;0;99.5;232.4;0.6
15/01/2020;08:00;20.1;0;99.6;290.8;0.6
15/01/2020;09:00;20.6;0;99.5;290;0.9
15/01/2020;10:00;20.9;0;99.5;287.3;0.8
15/01/2020;11:00;23.9;0;93.9;303.7;1.7
15/01/2020;12:00;24.4;0;87.6;293;1.8
15/01/2020;13:00;23.8;0;88.8;284.8;1.8
15/01/2020;14:00;24.4;0;82.4;309.3;2.2
15/01/2020;15:00;25.1;0;78.43;293.7;2.4
15/01/2020;16:00;25.1;0;74.39;289.5;2.3
15/01/2020;17:00;25.2;0;77.14;264.8;1.7
15/01/2020;18:00;23.8;0;81.2;189.6;2.1
15/01/2020;19:00;22.9;0;89.3;190.5;2
15/01/2020;20:00;20.5;0;99.5;219.8;1.6
15/01/2020;21:00;20.6;0;99.5;218.3;1.7
15/01/2020;22:00;20.6;0;99.5;204.4;1.5
15/01/2020;23:00;20;0;99.5;232.7;1.7
16/01/2020;00:00;20.1;0;99.5;194.5;1.1
16/01/2020;01:00;20.4;0;99.5;222;0.8
16/01/2020;02:00;20.1;0.2;99.5;220.6;1.1
16/01/2020;03:00;19.7;0;99.6;194.4;0.6
16/01/2020;04:00;19.6;0;99.6;305.6;0.9
16/01/2020;05:00;19.5;0;99.6;300.3;0.8
16/01/2020;06:00;19.5;0;99.6;248.3;0.5
16/01/2020;07:00;19.6;0;99.6;292.2;0.6
16/01/2020;08:00;19.8;0;99.5;208.3;0.4
16/01/2020;09:00;19.7;0;99.6;299.9;0.9
16/01/2020;10:00;20;0;99.6;272.4;0.7
16/01/2020;11:00;20.6;0;99.5;214.1;0.8
16/01/2020;12:00;21.4;0;99.4;196.6;1.4
16/01/2020;13:00;22.4;0;97.4;188.4;1.8
16/01/2020;14:00;24.2;0;86.1;183;2
16/01/2020;15:00;24.8;0;79.04;244.7;2
16/01/2020;16:00;24.9;0;79.73;239.6;2
16/01/2020;17:00;23.4;0;87.6;222.5;2.1
16/01/2020;18:00;22.3;0;94.1;219.4;1.7
16/01/2020;19:00;21.2;0;99.4;226.8;1.6
16/01/2020;20:00;20.5;0;99.5;225.5;1.9
16/01/2020;21:00;20.2;0;99.5;231.7;2.2
16/01/2020;22:00;20.2;0;99.5;229.7;1.8
16/01/2020;23:00;19.8;0;99.6;229.4;1.8
17/01/2020;00:00;19.6;0;99.6;230.1;1.4
17/01/2020;01:00;19.5;0;99.6;241.7;1
17/01/2020;02:00;19.5;0;99.6;117.8;0.2
17/01/2020;03:00;19.7;0;99.6;248.3;0.5
17/01/2020;04:00;19.6;0;99.6;222.3;0.9
17/01/2020;05:00;19.4;0.1;99.6;214.8;0.5
17/01/2020;06:00;19.2;0.1;99.6;221.3;0.8
17/01/2020;07:00;19.1;0.1;99.6;235.8;0.8
17/01/2020;08:00;19.1;0.1;99.6;230.1;0.8
17/01/2020;09:00;19.2;0;99.6;181.3;1.1
17/01/2020;10:00;19.5;0;99.6;186;1.3
17/01/2020;11:00;19.4;0;99.6;178;1.1
17/01/2020;12:00;19.8;0;99.6;239.7;0.7
17/01/2020;13:00;20;0;99.6;194.8;1.1
17/01/2020;14:00;20.2;0;99.6;212.5;1.2
17/01/2020;15:00;20.5;0;99.6;214.7;1
17/01/2020;16:00;21.2;0;99.5;240.8;0.9
17/01/2020;17:00;20.6;0;99.5;228.2;1.2
17/01/2020;18:00;20.8;0;99.5;166.5;1.5
17/01/2020;19:00;21.2;0;99.4;228.6;1.2
17/01/2020;20:00;20.9;0;99.5;210.9;1.2
17/01/2020;21:00;20.1;0;99.5;227.6;1.5
17/01/2020;22:00;19.8;0;99.6;183;1.1
17/01/2020;23:00;19.7;0;99.6;209.8;1.1
18/01/2020;00:00;19.6;0;99.6;160.4;1
18/01/2020;01:00;19.9;0;99.5;145.1;0.8
18/01/2020;02:00;19.8;0;99.5;177.4;1.3
18/01/2020;03:00;19.9;0;99.5;143.8;0.7
18/01/2020;04:00;19.9;0;99.5;179.8;0.8
18/01/2020;05:00;20;0;99.5;149.4;0.9
18/01/2020;06:00;19.7;0;99.6;233.2;0.7
18/01/2020;07:00;19.7;0;99.6;171.4;0.8
18/01/2020;08:00;19.7;0;99.6;204.6;0.6
18/01/2020;09:00;20.2;0;99.5;220.2;0.8
18/01/2020;10:00;21.1;0;99.5;177.6;0.6
18/01/2020;11:00;21.4;0;99.4;248.7;1
18/01/2020;12:00;23.1;0;93.3;204.2;1.1
18/01/2020;13:00;24;0;85.4;220.7;0.8
18/01/2020;14:00;24.9;0;78.3;288.2;1.6
18/01/2020;15:00;25.2;0;77.03;260.2;1.7
18/01/2020;16:00;25.6;0;73.3;215;2
18/01/2020;17:00;24.8;0;78.92;229;2
18/01/2020;18:00;24.6;0;81.7;231.2;1.8
18/01/2020;19:00;22.6;0;95.1;234.9;2.4
18/01/2020;20:00;21.8;0;99.4;236.5;1.3
18/01/2020;21:00;21.1;0;99.4;236.5;1.4
18/01/2020;22:00;21.1;0;99.4;231.7;1.2
18/01/2020;23:00;21;0;99.4;202;1.2
19/01/2020;00:00;21;0;99.4;178.8;1.2
19/01/2020;01:00;20.4;0;99.5;201.6;0.9
19/01/2020;02:00;20.1;0;99.5;201.1;0.8
19/01/2020;03:00;19.9;0;99.5;188;0.8
19/01/2020;04:00;19.9;0;99.5;211.6;0.5
19/01/2020;05:00;19.9;0;99.5;224.4;0.9
19/01/2020;06:00;19.9;0.3;99.5;86.2;0.2
19/01/2020;07:00;20.2;0.5;99.5;154.7;0.4
19/01/2020;08:00;20.4;0.1;99.5;81.2;0.3
19/01/2020;09:00;20.7;0;99.5;60.48;0.1
19/01/2020;10:00;21.5;0;99.5;225.4;0.5
19/01/2020;11:00;22.3;0;99.4;297.1;1.4
19/01/2020;12:00;22;0;99.4;260.9;0.7
19/01/2020;13:00;23.4;0;97.5;220.5;1.2
19/01/2020;14:00;23;0;96.9;237.5;1.9
19/01/2020;15:00;22.4;0;99.4;209.3;1.6
19/01/2020;16:00;21.6;0;99.4;192.6;1.5
19/01/2020;17:00;22.4;0;99.4;228.5;1.7
19/01/2020;18:00;22;0;99.4;215.1;1.3
19/01/2020;19:00;21.9;0;99.4;216.5;1.2
19/01/2020;20:00;22;0;99.4;178.6;1
19/01/2020;21:00;21.9;0;99.4;193.3;1.1
19/01/2020;22:00;22.8;0;90.9;124.2;1
19/01/2020;23:00;21.3;0;99.5;180.2;2.1
20/01/2020;00:00;20.2;0;99.6;195.9;1
20/01/2020;01:00;19.8;0;99.6;177;1.1
20/01/2020;02:00;19.7;0;99.6;181.7;1.1
20/01/2020;03:00;19.8;0;99.6;126.5;0.4
20/01/2020;04:00;19.9;0;99.6;213.4;0.9
20/01/2020;05:00;19.8;0;99.6;255.9;0.9
20/01/2020;06:00;19.9;0.1;99.6;175.4;1.4
20/01/2020;07:00;19.9;0;99.6;152.2;0.3
20/01/2020;08:00;20.3;0.1;99.6;54.73;0.3
20/01/2020;09:00;20.5;0;99.6;304.6;0.8
20/01/2020;10:00;20.9;0;99.6;239.6;0.5
20/01/2020;11:00;21.5;0;99.5;291.7;1.2
20/01/2020;12:00;20.7;0;99.6;230.4;0.7
20/01/2020;13:00;23;0;99.4;264.5;0.9
20/01/2020;14:00;24.6;0;89.9;266.8;1.1
20/01/2020;15:00;25.4;0;81.4;250.8;1.5
20/01/2020;16:00;25.7;0;79.33;292;1.5
20/01/2020;17:00;25.9;0;79.29;268.3;1.5
20/01/2020;18:00;24.8;0;88.5;293.4;1.8
20/01/2020;19:00;22.8;0;99.4;223.2;1.3
20/01/2020;20:00;21.8;0;99.5;191.8;1.6
20/01/2020;21:00;21.3;0;99.5;197.2;1.1
20/01/2020;22:00;21;0;99.5;188.9;1.2
20/01/2020;23:00;21;0;99.5;200.1;1
21/01/2020;00:00;21.1;0;99.5;179.1;0.6
21/01/2020;01:00;21.3;0;99.5;304.9;0.7
21/01/2020;02:00;21.2;0;99.5;139.8;0.3
21/01/2020;03:00;21.3;0;99.5;70.33;0.1
21/01/2020;04:00;21.5;0;99.5;108.2;0.2
21/01/2020;05:00;21.7;0;99.5;89.4;0.2
21/01/2020;06:00;21.7;0;99.4;0;0
21/01/2020;07:00;21.7;0;99.4;22.56;0
21/01/2020;08:00;22;0;99.4;129.4;0.3
21/01/2020;09:00;22.5;0;99.4;57.3;0.1
21/01/2020;10:00;23.8;0;89.1;232.9;0.7
21/01/2020;11:00;25.3;0;82.7;309.9;1.5
21/01/2020;12:00;27;0;71.82;265.6;1.7
21/01/2020;13:00;26.5;0;69.31;255.9;2.1
21/01/2020;14:00;25.7;0;77.07;259.4;1.5
21/01/2020;15:00;26.4;0;69.92;247.6;1.9
21/01/2020;16:00;25.7;0;72.2;215.2;1.6
21/01/2020;17:00;25.4;0;75.64;252.3;1.3
21/01/2020;18:00;24.7;0;78.65;245.9;1.5
21/01/2020;19:00;24.7;0;75.4;282.7;1.3
21/01/2020;20:00;23.3;0;84.8;236.2;0.6
21/01/2020;21:00;22.3;0;98.8;232.7;1.2
21/01/2020;22:00;23;0;93.4;205;0.8
21/01/2020;23:00;23.4;0;89.3;175.8;0.3
22/01/2020;00:00;23.4;0;89.1;173.4;1
22/01/2020;01:00;23.3;0;91.6;139.3;0.3
22/01/2020;02:00;23.4;0;90.4;140.5;0.1
22/01/2020;03:00;23.7;0;87.8;142.9;0.8
22/01/2020;04:00;23.9;0;87.2;144.2;0.5
22/01/2020;05:00;24;0;85.6;110;0.2
22/01/2020;06:00;23.6;0;88.2;2.21;0
22/01/2020;07:00;23.6;0;88.2;251.4;0.5
22/01/2020;08:00;23.6;0;89;43.78;0
22/01/2020;09:00;24.3;0;87.5;166.3;0.6
22/01/2020;10:00;25.4;0;80.9;97.1;0.6
22/01/2020;11:00;24.8;0;84.8;230.7;1
22/01/2020;12:00;26.2;0;77.82;197.5;1.4
22/01/2020;13:00;26.7;0;71.75;227;1.5
22/01/2020;14:00;28.7;0;61.77;236.6;1.4
22/01/2020;15:00;28.9;0;58.26;222.6;1.8
22/01/2020;16:00;26.9;0;67.44;307.3;1.8
22/01/2020;17:00;27.3;0;67.14;228;1.1
22/01/2020;18:00;26;0;70.96;251.4;1.3
22/01/2020;19:00;25.3;0;75.16;202.7;1.1
22/01/2020;20:00;24.7;0;78.38;195.1;1.3
22/01/2020;21:00;23.9;0;83.9;173.3;1.3
22/01/2020;22:00;23.5;0;86.9;185.5;1.2
22/01/2020;23:00;23.5;0;86.2;193.4;1.2
23/01/2020;00:00;23.4;0;87.9;201.4;1
23/01/2020;01:00;23.3;0;89.1;179.6;0.9
23/01/2020;02:00;23.5;0;87.3;169.7;1
23/01/2020;03:00;23.6;0;86.1;202.6;0.5
23/01/2020;04:00;23.5;0;86.2;73.36;0.1
23/01/2020;05:00;23.5;0;85.9;173.3;0.3
23/01/2020;06:00;23.5;0;85.5;0;0
23/01/2020;07:00;23.2;0;89.7;5.48;0
23/01/2020;08:00;23.2;0;89.7;297.5;0.5
23/01/2020;09:00;23.6;0;87.4;179.5;0.6
23/01/2020;10:00;24.2;0;84.6;182.2;0.8
23/01/2020;11:00;25.2;0;79.57;215.2;1.2
23/01/2020;12:00;27.4;0;67.69;195.8;1
23/01/2020;13:00;28.5;0;60.8;230.7;2.1
23/01/2020;14:00;29.1;0;56.18;223.6;2
23/01/2020;15:00;28.7;0;59.8;245.8;1.6
23/01/2020;16:00;28.6;0;59.53;223.9;2.3
23/01/2020;17:00;27.5;0;61.62;225.3;2.1
23/01/2020;18:00;25.5;0;73.97;222.7;1.6
23/01/2020;19:00;25.3;0;77.94;214.1;1.1
23/01/2020;20:00;24.6;0;82;202.1;1.2
23/01/2020;21:00;23.3;0;91.1;181.9;1.8
23/01/2020;22:00;22.8;0;94.7;192.3;1.2
23/01/2020;23:00;23;0;91.1;194.8;1
24/01/2020;00:00;23.4;0;88.4;199;0.5
24/01/2020;01:00;24.4;0;79.57;190.8;0.9
24/01/2020;02:00;24.2;0;80.2;143.6;0.7
24/01/2020;03:00;24.1;0;80.8;145.5;0.5
24/01/2020;04:00;23.9;0;84;197.1;0.6
24/01/2020;05:00;22.7;0;96.5;176.5;1.4
24/01/2020;06:00;21.9;0;99.4;162.6;0.9
24/01/2020;07:00;22.3;0;99.4;189;0.7
24/01/2020;08:00;23.3;0;91.3;0;0
24/01/2020;09:00;24.6;0;81.8;177.5;0.6
24/01/2020;10:00;27.9;0;62.08;216.5;1.1
24/01/2020;11:00;28.8;0;58.28;227.5;1.9
24/01/2020;12:00;28;0;68.37;241.1;1.5
24/01/2020;13:00;28.3;0;64.73;286.2;2.1
24/01/2020;14:00;28.2;0;63.42;292;2.1
24/01/2020;15:00;28.8;0;56.79;262.2;1.8
24/01/2020;16:00;29.2;0;54.67;221.9;2.1
24/01/2020;17:00;29;0;51.73;225.5;2.6
24/01/2020;18:00;26.7;0;66.47;233.1;2.6
24/01/2020;19:00;24.2;0;85;212.4;1.4
24/01/2020;20:00;24.8;0;78.95;136.2;0.9
24/01/2020;21:00;23.6;0;91.2;207.1;1.7
24/01/2020;22:00;23;0;93;191.4;0.9
24/01/2020;23:00;22.7;0;97.6;173.4;0.7
25/01/2020;00:00;22.8;0;95.2;160.4;0.5
25/01/2020;01:00;23.9;0;81.7;99.8;0.2
25/01/2020;02:00;23.8;0;80.9;36.86;0.1
25/01/2020;03:00;22.7;0;93.4;142.2;0.7
25/01/2020;04:00;23.5;0;81.9;49.2;0.2
25/01/2020;05:00;23.1;0;86.3;44.66;0.2
25/01/2020;06:00;22;0;99.1;158.9;0.2
25/01/2020;07:00;22.5;0;93.9;178.4;0.8
25/01/2020;08:00;23.5;0;86.8;100.8;0.2
25/01/2020;09:00;24.4;0;84.9;138.9;0.2
25/01/2020;10:00;27.1;0;71.1;267.6;0.7
25/01/2020;11:00;27.9;0;67.32;275.3;1.6
25/01/2020;12:00;28.7;0;64.07;290.1;1.8
25/01/2020;13:00;27.6;0;71.43;266.1;1.8
25/01/2020;14:00;27.4;0;69.89;294.3;2
25/01/2020;15:00;28.5;0;64.16;204.4;2
25/01/2020;16:00;25.9;0;77.35;202.5;2.5
25/01/2020;17:00;23.8;0;93.7;223;2
25/01/2020;18:00;22.1;0;99.4;227.6;1.8
25/01/2020;19:00;21.7;0;99.5;230.8;1.6
25/01/2020;20:00;21.3;0;99.5;233.2;1.7
25/01/2020;21:00;21.4;0;99.5;230.5;1.5
25/01/2020;22:00;21.2;0;99.5;235.3;1.8
25/01/2020;23:00;21.3;0;99.5;218.1;1.1
26/01/2020;00:00;21.1;0;99.5;191.8;0.9
26/01/2020;01:00;21.2;0;99.5;228.1;0.7
26/01/2020;02:00;20.9;0;99.5;182.8;0.9
26/01/2020;03:00;20.8;0;99.5;187.1;1.2
26/01/2020;04:00;20.7;0;99.5;172.6;1.2
26/01/2020;05:00;20.7;0;99.5;172.7;0.9
26/01/2020;06:00;20.6;0;99.5;263.6;0.8
26/01/2020;07:00;20.3;0;99.6;195.1;0.8
26/01/2020;08:00;20.1;0;99.6;178.2;0.7
26/01/2020;09:00;21.3;0;99.6;264.3;0.4
26/01/2020;10:00;22.8;0;99.4;314.4;0.8
26/01/2020;11:00;24.6;0;91.9;304.4;1.2
26/01/2020;12:00;25.9;0;83.7;286.6;1.4
26/01/2020;13:00;27.1;0;76.8;306.4;1.9
26/01/2020;14:00;27.3;0;71.12;275.3;1.8
26/01/2020;15:00;26.3;0;78.8;249.3;1.5
26/01/2020;16:00;25.6;0;80.2;270.7;2
26/01/2020;17:00;25.2;0;85.7;272.8;2.3
26/01/2020;18:00;22.7;0;99.4;229.5;2
26/01/2020;19:00;22.1;0;99.5;226.7;1.7
26/01/2020;20:00;22.2;0;99.5;225.3;1.6
26/01/2020;21:00;22;0;99.5;221.4;1.7
26/01/2020;22:00;21.8;0;99.5;221.5;1.2
26/01/2020;23:00;21.6;0;99.5;198.7;1
27/01/2020;00:00;21.4;0;99.5;223.2;1.5
27/01/2020;01:00;21.3;0;99.6;218.8;1.1
27/01/2020;02:00;21;0;99.6;244.3;1.4
27/01/2020;03:00;20.7;0;99.6;228.9;1.2
27/01/2020;04:00;20.8;0.1;99.6;235.7;0.9
27/01/2020;05:00;20.7;0.1;99.6;219.9;0.8
27/01/2020;06:00;20.7;0.1;99.6;239.3;0.9
27/01/2020;07:00;20.7;0.1;99.6;222.6;0.9
27/01/2020;08:00;20.7;0.2;99.6;83.8;0.2
27/01/2020;09:00;20.9;0.1;99.6;243.8;0.6
27/01/2020;10:00;21;0.3;99.6;189.4;0.9
27/01/2020;12:00;23.5;S/D;99.4;183.2;1.1
27/01/2020;13:00;24;0;95.8;214.2;1.1
27/01/2020;14:00;23.7;0;99.4;193;1.7
27/01/2020;15:00;23.5;0;99.4;194.4;1.2
27/01/2020;16:00;22.9;0;99.4;220.1;1.2
27/01/2020;17:00;22.9;0;99.4;227.5;1.6
27/01/2020;18:00;22.6;0;99.4;229.9;1
27/01/2020;19:00;22.6;0;99.5;216.4;1.3
27/01/2020;20:00;22.3;0;99.5;204.9;0.9
27/01/2020;21:00;21.9;0;99.6;232.9;0.9
27/01/2020;22:00;21.5;0;99.6;221.4;0.9
27/01/2020;23:00;21.4;0;99.6;156.1;0.5
28/01/2020;00:00;21.3;0;99.6;87.3;0.2
28/01/2020;01:00;21.4;0;99.6;123.3;0.3
28/01/2020;02:00;21.5;0;99.5;48.36;0
28/01/2020;03:00;22.5;0;99.4;44.41;0.1
28/01/2020;04:00;22;0;99.5;103;0.2
28/01/2020;05:00;21.9;0;99.5;230.6;0.7
28/01/2020;06:00;22;0;99.5;165;0.8
28/01/2020;07:00;22.3;0;99.4;175.1;0.9
28/01/2020;08:00;23.3;0;98.1;177;0.7
28/01/2020;09:00;25.1;0;87.5;207.9;1.1
28/01/2020;10:00;26.8;0;73.75;213.7;1.3
28/01/2020;11:00;26.9;0;73.63;233.9;1.9
28/01/2020;12:00;27.6;0;69.17;216.3;2
28/01/2020;13:00;27.8;0;67.81;262.8;2.3
28/01/2020;14:00;26.8;0;68.76;222.4;2.1
28/01/2020;15:00;26.1;0;74.22;228.6;2.3
28/01/2020;16:00;25.8;0;77.41;203.5;2.4
28/01/2020;17:00;23.7;0;93.5;230.4;1.7
28/01/2020;18:00;23.3;0;95.5;234.2;1.8
28/01/2020;19:00;23;0;99.4;212.8;1
28/01/2020;20:00;22.6;0;99.4;225.1;1.2
28/01/2020;21:00;22.1;0;99.5;226;1.4
28/01/2020;22:00;21.9;0;99.5;195.6;1.1
28/01/2020;23:00;21.8;0;99.5;216.8;1
29/01/2020;00:00;21.7;0;99.5;196.7;1
29/01/2020;01:00;20.9;0;99.6;183.6;1.4
29/01/2020;02:00;20.9;0;99.6;195.7;1.2
29/01/2020;03:00;20.9;0;99.6;174.7;0.8
29/01/2020;04:00;20.7;0;99.6;163.2;0.8
29/01/2020;05:00;20.4;0;99.6;195.2;0.9
29/01/2020;06:00;20.5;0;99.6;179.5;0.8
29/01/2020;07:00;20.7;0;99.6;171.1;0.7
29/01/2020;08:00;22;0;99.6;202.2;1
29/01/2020;09:00;25;0;96.2;283.8;1.8
29/01/2020;10:00;25.6;0;89.4;247.4;1.6
29/01/2020;11:00;27.5;0;76.02;232.7;1.2
29/01/2020;12:00;27.7;0;73.9;276;2.2
29/01/2020;13:00;28.1;0;71.56;279.7;2.3
29/01/2020;14:00;27.3;0;72.34;289.9;2.6
29/01/2020;15:00;28;0;71.78;207.4;2.1
29/01/2020;16:00;27.1;0;76.46;209.4;1.7
29/01/2020;17:00;24.1;0;92.5;223.2;2.2
29/01/2020;18:00;22.8;0;98.6;225.6;1.2
29/01/2020;19:00;21.7;0;99.5;226.5;1.6
29/01/2020;20:00;21.5;0;99.5;231.9;1.6
29/01/2020;21:00;21.5;0;99.5;228.4;1.2
29/01/2020;22:00;21.5;0;99.5;198.5;1
29/01/2020;23:00;21.2;0;99.5;190.3;1
30/01/2020;00:00;21.1;0;99.5;229.2;0.9
30/01/2020;01:00;21.1;0;99.5;191.9;0.5
30/01/2020;02:00;21.2;0;99.5;231.4;0.6
30/01/2020;03:00;21;0;99.5;229.6;0.9
30/01/2020;04:00;20.8;0;99.5;180.8;0.8
30/01/2020;05:00;20.6;0;99.6;202.1;0.7
30/01/2020;06:00;20.6;0;99.6;149.5;0.3
30/01/2020;07:00;20.7;0;99.6;179.2;0.4
30/01/2020;08:00;21.4;0;99.6;150.4;0.5
30/01/2020;09:00;25;0;93.4;225.7;0.6
30/01/2020;10:00;26.5;0;80.7;252.7;1.3
30/01/2020;11:00;26.4;0;77.92;291.4;2.2
30/01/2020;12:00;26.3;0;79.21;307;2.7
30/01/2020;13:00;27.2;0;70.71;230.3;1.8
30/01/2020;14:00;26.6;0;70.19;201;2.5
30/01/2020;15:00;25.6;0;79.6;205.8;2.6
30/01/2020;16:00;23.8;0;94.9;210.6;1.6
30/01/2020;17:00;23;0;99.4;223.7;1.7
30/01/2020;18:00;21.7;0;99.5;237.9;2
30/01/2020;19:00;21.2;0;99.6;241.3;1.7
30/01/2020;20:00;21.3;0;99.6;233.6;1.5
30/01/2020;21:00;21.5;0;99.5;226.1;1.4
30/01/2020;22:00;21.5;0;99.5;206.5;0.9
30/01/2020;23:00;21.5;0;99.5;202.5;0.8
31/01/2020;00:00;21.4;0;99.5;207.6;0.9
31/01/2020;01:00;21.3;0;99.6;187.5;0.5
31/01/2020;02:00;21.4;0;99.5;246.8;0.7
31/01/2020;03:00;21.8;0;99.4;184.3;0.7
31/01/2020;04:00;21.8;0;99.5;235.1;0.7
31/01/2020;05:00;21.6;0;99.5;256.4;0.8
31/01/2020;06:00;21.6;0;99.5;165.6;0.5
31/01/2020;07:00;21.4;0;99.5;265.6;0.7
31/01/2020;08:00;21.3;0;99.5;273;0.8
31/01/2020;09:00;23.9;0;98.8;277;1.2
31/01/2020;10:00;27;0;77.47;272.6;1.7
31/01/2020;11:00;25.7;0;82;273.9;2
31/01/2020;12:00;26.1;0;81.9;268.2;2.1
31/01/2020;13:00;25.2;0;85.5;254.2;2.3
31/01/2020;14:00;25.8;0;85.4;254.7;1.9
31/01/2020;15:00;24.3;0;92;261.2;1.4
